name,longitude,latitude
EL CIEGO,-2.61944444,42.51833333
LLODIO,-2.96337,43.14407
ARETA,-2.94333333,43.14805555
AGURAIN,-2.3937,42.849
VALDEREJO,-3.2317,42.8752
AVENIDA GASTEIZ,-2.6807,42.8548
TRES MARZO,-2.66779,42.85607
LOS HERRAN,-2.66138888,42.84361111
LANTARÓN,-2.98087,42.7151
ALBACETE,-1.8521,38.9793
ALBACETE - PARQUE TECNOLOGICO,-1.8452,38.9808
AGOST,-0.6380406,38.4360614
ALCOI - VERGE DELS LLIRIS,-0.46694444,38.70638888
ALACANT-EL PLÁ,-0.47194444,38.35944444
ALACANT-FLORIDA-BABEL,-0.50666666,38.34027777
ALACANT - RABASSA,-0.51388888,38.35111111
BENIDORM,-0.14666666,38.57138888
ELX-AGROALIMENTARI,-0.68277777,38.24222222
ELX-PARC DE BOMBERS,-0.7175,38.25916666
ELDA-LACY,-0.80333333,38.45472222
ORIHUELA,-0.85277777,38.08472222
EL PINÓS,-1.06472222,38.45166666
SANT VICENT DEL RASPEIG,-0.5275,38.39722222
TORREVIEJA,-0.69,37.99111111
VILLENA PARQUE FERIA,-0.87241,38.63943
MEDITERRÁNEO,-2.44672,36.84133
EL BOTICARIO,-2.3905,36.86495
PUERTO DE ALMERÍA,-2.4779,36.8368
BÉDAR,-1.979079,37.192993
BENAHADUX,-2.46322,36.9231
CARBONERAS,-1.89201,36.99945
PZA. DEL CASTILLO,-1.8954,36.9968
LLANO DE DON ANTONIO,-1.9344,37.0047
VILLARICOS,-1.7708,37.2522
PALOMARES,-1.7817,37.255
VILLARICOS CC,-1.7699,37.2661
MOJÁCAR,-1.8422,37.1388
RODALQUILAR,-2.03819,36.84745
CAMPOHERMOSO,-2.12819,36.93385
LA JOYA,-1.96148,36.95
FERNÁN PÉREZ,-2.0467,36.8951
LA GRANATILLA,-2.1592,36.9581
EL EJIDO,-2.81097,36.76972
ÁVILA 2,-4.70083,40.66472
BADAJOZ,-7.011389,38.887586
BARCARROTA,-6.923333,38.47278
BURGUILLOS DEL CERRO,-6.588646,38.370314
JEREZ DE LOS CABALLEROS,-6.757417,38.326558
MEDINA DE LAS TORRES,-6.415479,38.338973
MERIDA,-6.339232,38.906223
ZAFRA,-6.397348,38.42795
S'ALBUFERA,3.07525,39.791167
ALCUDIA I,3.145432,39.834823
HOSPITAL JOAN MARCH,2.687778,39.678833
CIUTADELLA DE MENORCA,3.857583,40.010611
MENUT,2.900722,39.83025
CAN MISSES,1.415417,38.915028
DALT VILA,1.434889,38.907194
SA BLANCA DONA,1.425888,38.92324
SANT LLUIS,4.2586,39.8749
POUS,4.252972,39.890917
PORT DE MAO,4.257031,39.892589
MAHÓN,4.323889,39.876111
SON AMETLER,2.7264,39.612
FONERS,2.657028,39.57125
BELLVER,2.621694,39.564528
UIB-PARC BIT,2.648056,39.635556
LA MISERICÒRDIA,2.647611,39.574389
SANT JOAN DE DÉU,2.701111,39.547694
SON LLATZER,2.7031,39.5727
CAN LLOMPART,3.0282,39.8408
SA POBLA,3.016,39.748472
SANT ANTONI DE PORTMANY,1.310139,38.994389
TORRENT-SANTA EULALIA,1.432908,38.935803
AIGUAFREDA (CAN BELLIT),2.2507,41.7711
AIGUAFREDA (CAN BELLIT),2.2507,41.7711
BADALONA (MONT-ROIG - AUSIÀS MARCH),2.237875306,41.443983561
BADALONA (GUÀRDIA URBANA),2.2275,41.4463
BADALONA (ASSEMBLEA DE CATALUNYA),2.248236084,41.45131069
BARCELONA (EL POBLENOU),2.204522594,41.403881851
BARCELONA (PL. DE LA UNIVERSITAT),2.1649,41.3874
BARCELONA (SANTS),2.1331,41.3788
BARCELONA (L'EIXAMPLE),2.1538,41.3853
BARCELONA (GRÀCIA - SANT GERVASI),2.152385,41.399581
BARCELONA (ZONA UNIVERSITÀRIA),2.1196,41.3849
BARCELONA (CIUTADELLA),2.1874,41.3864
BARCELONA (EL PORT VELL),2.186841902,41.374943279
BARCELONA (IES GOYA),2.1706,41.4207
BARCELONA (PARC DE LA VALL D'HEBRON),2.147992032,41.4260772
BARCELONA (IES VERDAGUER),2.1867,41.3872
BARCELONA (PALAU REIAL),2.1151,41.3875
BARCELONA (OBSERVATORI FABRA),2.1237,41.4189
BARCELONA (LA SAGRERA),2.186,41.427
BERGA (IES GUILLEM DE BERGUEDÀ),1.8581,42.1023
BERGA (POLIESPORTIU),1.848237224,42.097910193
CALDES DE MONTBUI (AJUNTAMENT),2.162349596,41.634656545
CASTELLAR DEL VALLÈS (CAL MASAVEU),2.0871,41.6179
CASTELLBISBAL (CEIP MARE DE DÉU DE MONTSERRAT),1.982016549,41.473378006
CASTELLET I LA GORNAL (CLARIANA),1.6177,41.2449
CUBELLES (POLIESPORTIU),1.6722,41.2022
CUBELLES (POLIESPORTIU),1.6722,41.2022
ESPLUGUES DE LLOBREGAT (CEIP ISIDRE MARTÍ),2.0861,41.3793
GAVÀ (PARC DEL MIL·LENI),1.991523957,41.303112534
GRANOLLERS (FRANCESC MACIÀ),2.287117688,41.598666901
L'HOSPITALET DE LLOBREGAT (AV. DEL TORRENT GORNAL),2.114973082,41.370504108
IGUALADA (LA MASUCA),1.6259,41.5776
IGUALADA (VIRTUT-DELICIES),1.6259,41.5776
MANLLEU (HOSPITAL COMARCAL),2.287271914,42.003276504
MANRESA (CEIP LA FONT),1.8385,41.7277
MANRESA (PL. D'ESPANYA),1.825306423,41.730280261
MANRESA (AJUNTAMENT),1.8269,41.723
MANRESA (CEIP LA FONT),1.8385,41.7277
MARTORELL (POLIESPORTIU MUNICIPAL),1.9232,41.4756
MATARÓ (EL CROS),2.422,41.5304
MATARÓ (PABLO IGLESIAS),2.4326,41.5318
MATARÓ (PASSEIG DELS MOLINS),2.443253787,41.547159712
MATARÓ (LABORATORI D'AIGÜES),2.43729,41.551859569
MOLINS DE REI (AJUNTAMENT),2.016,41.4136
MOLLET DEL VALLÈS (AP7 KM. 139),2.2121,41.5492
MONTCADA I REIXAC (PL. DE LLUÍS COMPANYS),2.1883,41.4821
MONTCADA I REIXAC (AJUNTAMENT),2.187268328,41.479955339
MONTCADA I REIXAC (CAN SANT JOAN),2.184233488,41.469800555
MONTORNÈS DEL VALLÈS (CEIP MARINADA),2.265250427,41.55242119
MONTSENY (LA CASTANYA),2.358018901,41.779343452
PALLEJÀ (MERCAT MUNICIPAL),1.996502724,41.420848099
PALLEJÀ (ROCA DE VILANA),1.9905,41.4153
EL PAPIOL (CENTRE DE DIA JOSEP TARRADELLAS),2.0079,41.436
EL PRAT DE LLOBREGAT (JARDINS DE LA PAU),2.09772526,41.32149521
EL PRAT DE LLOBREGAT (CEM SAGNIER),2.082140639,41.321768405
EL PONT DE VILOMARA I ROCAFORT (CEIP POMPEU FABRA),1.87224076,41.701765985
RUBÍ (CA N'ORIOL),2.042497085,41.492082863
RUBÍ (L'ESCARDÍVOL),2.0296,41.4941
SABADELL (GRAN VIA),2.101405057,41.561175397
SABADELL (IES ESCOLA INDUSTRIAL),2.105157341,41.548225196
SANT ADRIÀ DE BESÒS (OLÍMPIC),2.2222,41.4256
SANT ANDREU DE LA BARCA (CEIP JOSEP PLA),1.9749,41.4508
SANT CELONI (CARLES DAMM),2.495746675,41.689049442
SANT CUGAT DEL VALLÈS (PARC DE SANT FRANCESC),2.088977264,41.476769365
SANT FELIU DE LLOBREGAT (EUGENI D'ORS),2.044453466,41.383226589
SANT FELIU DE LLOBREGAT (CEIP MARTÍ I POL),2.0574,41.3866
SANT JUST DESVERN (CEIP MONTSENY),2.066347853,41.38193008
SANTA COLOMA DE GRAMENET (BALLDOVINA),2.209511187,41.447350254
SANTA COLOMA DE GRAMENET (AJUNTAMENT),2.208196282,41.452115161
SANTA MARGARIDA I ELS MONJOS (ELS MONJOS),1.664199192,41.320516155
SANTA MARGARIDA I ELS MONJOS (LA RÀPITA),1.647339954,41.308402497
BARBERÀ DEL VALLÈS (AJUNTAMENT),2.125,41.5156
BARBERÀ DEL VALLÈS (MORAGUES - MONTSERRAT),2.125383709,41.512675808
SANTA MARIA DE PALAUTORDERA (MARTÍ BOADA),2.440944864,41.691273195
SANTA PERPÈTUA DE MOGODA (ONZE DE SETEMBRE),2.183795315,41.526705931
SANT VICENÇ DELS HORTS (RIBOT - SANT MIQUEL),2.009802277,41.392157459
SANT VICENÇ DELS HORTS (CEIP MARE DE DÉU DEL ROCIO),2.0021,41.3988
SANT VICENÇ DELS HORTS (ÀLABA),1.999634718,41.400770767
SANT VICENC DELS HORTS (CEIP MARE DE DEU DEL ROCIO),2.0021,41.3988
SENTMENAT (AJUNTAMENT),2.1359,41.6087
SITGES (VALLCARCA - DIPÒSIT AIGÜES),1.856563752,41.239068799
SITGES (VALLCARCA),1.8569,41.241
SITGES (VALLCARCA - OFICINES),1.859334489,41.242375047
SÚRIA (CEIP FRANCESC MACIÀ),1.7553,41.831
SURIA (CEIP FRANCESC MACIA),1.7553,41.831
TERRASSA (MINA PÚBLICA D'AIGÜES),2.014598316,41.567823582
TERRASSA (PARE ALEGRE),2.007401267,41.556115398
TERRASSA (CASAL CA N'AURELL),2.0,41.6
TIANA (AJUNTAMENT),2.26915353,41.481513156
TONA (IES TONA),2.223,41.8466
TONA (ZONA ESPORTIVA),2.217575622,41.846034209
VIC (ESTADI),2.238568301,41.9356664
VIC (CENTRE CÍVIC SANTA ANNA),2.257149921,41.919593952
VIC (MASFERRER),2.257302,41.929283
VILADECANS (ATRIUM),2.013824628,41.313475208
VILANOVA DEL CAMÍ (HORTS),1.637614343,41.567703441
VILAFRANCA DEL PENEDÈS (ZONA ESPORTIVA),1.686575492,41.346823038
VILANOVA I LA GELTRÚ (AJUNTAMENT),1.726292388,41.224091559
VILANOVA I LA GELTRÚ (PL. DE LES DANSES DE VILANOVA),1.721248774,41.219036461
VILANOVA I LA GELTRÚ (CENTRE CÍVIC TACÓ),1.72692,41.23429
ARANDA DE DUERO 2,-3.68888888,41.66555555
BURGOS 1,-3.6756,42.3508
BURGOS 4,-3.63611,42.33611
BURGOS 6,-3.6878,42.3477
MEDINA DE POMAR,-3.4753,42.9519
MIRANDA DE EBRO 1,-2.9175,42.68444444
MIRANDA DE EBRO 2,-2.94055555,42.68805555
SALAS DE LOS INFANTES,-3.28726,42.02331
CÁCERES,-6.342428,39.483799
PLASENCIA,-6.084812,40.043737
MONFRAGÜE,-5.943008,39.843747
ALGAR,-5.6614,36.6496
E4:RINCONCILLO,-5.4426,36.1617
ALGECIRAS EPS,-5.45343,36.13623
ARCOS,-5.74372,36.73975
JEDULA,-5.9211,36.7417
LOS BARRIOS,-5.48083,36.17538
COLEGIO (S1),-5.48893,36.18562
PALMONES (S5),-5.43277,36.1747
CORTIJILLOS,-5.43576,36.19048
E2: ALCORNOCALES,-5.6635,36.23386
AVDA. MARCONI,-6.26857,36.50602
CARTUJA,-6.11449,36.66086
JEREZ-CHAPMN,-6.11724,36.68855
LA LÍNEA,-5.34836,36.15937
E7:EL ZABAL,-5.34194,36.17315
PRADO REY,-5.53162,36.79449
RIO SAN PEDRO,-6.22517,36.52283
SAN FERNANDO,-6.20307,36.46059
SAN ROQUE (S6),-5.43027,36.21204
CARTEYA (S9),-5.39138,36.20879
CAMPAMENTO,-5.37697,36.17943
ECONOMATO,-5.3808,36.1862
GUADARRANQUE,-5.41141,36.1821
MADREVIEJA,-5.40471,36.20442
HOSTELERÍA,-5.38371,36.20388
PUENTE MAYORGA,-5.3825,36.1801
L'ALCORA-PM,-0.20638888,40.06861111
ALCORA,-0.18972222,40.05194444
ALMASSORA-C. P. OCHANDO,-0.05638888,39.94527777
BENICASSIM,0.07277777,40.06222222
BURRIANA,-0.065,39.89222222
BURRIANA RESIDENCIA,-0.08777777,39.895
CASTELLÓ-PENYETA,-0.05722222,40.01277777
CASTELLÓ-ERMITA,-0.03611111,39.95916666
CASTELLÓ-GRAU,0.01055555,39.98194444
CASTELLÓ-PATRONAT D'ESPORTS,-0.02611111,39.98888888
CASTELLÓ - ITC,-0.065,39.99583333
CASTELLO CEIP LA MARINA,0.0089,39.9694
CIRAT,-0.46833333,40.05416666
MORELLA,-0.09111111,40.63722222
ONDA,-0.23333333,39.96277777
CORATXAR,0.08472222,40.69166666
SANT JORDI,0.37277777,40.55472222
TORRE ENDOMENECH,-0.07888888,40.26944444
VALL D'ALBA PM,-0.03444444,40.175
LA VALL D'UIXÓ,-0.24444444,39.82361111
VILAFRANCA,-0.24916666,40.41666666
VILA-REAL-PM,-0.10583333,39.94166666
VINARÒS PLANTA,0.425,40.54611
VINARÒS PLATAFORMA,0.70917,40.38333
VIVER,-0.60333333,39.93055555
ZORITA,-0.16944444,40.735
CIUDAD REAL,-3.9378,38.9939
MANZANARES,-3.3588,38.9957
CALLE ANCHA,-4.1115,38.6893
CAMPO DE FÚTBOL,-4.0886,38.682
INSTITUTO Nº 3,-4.1083,38.6807
BARRIO 630,-4.112,38.7027
RAMPAS MECÁNICAS,-4.1134,38.69
ALMACÉN MUNICIPAL,-4.1078,38.6791
ASOMADILLA,-4.77958,37.90274
LEPANTO,-4.76234,37.89261
PARQUE JOYERO,-4.81583,37.87522
AVDA. AL-NASIR,-4.7801,37.8926
POBLADO,-4.9268,38.1081
OBEJO,-4.8017,38.1325
VILLAHARTA,-4.904,38.1379
SABÓN,-8.5019,43.3242
ARTEIXO,-8.4919,43.3075
LAÑAS,-8.5189,43.2953
SORRIZO,-8.5717,43.3047
PASTORIZA-REPSOL,-8.472,43.3353
CENTRO CIVICO,-8.506,43.3023
PLAZA PASTORIZA,-8.4672,43.3472
SABÓN-EMBALSE,-8.4997,43.3223
PARQUE DA CEGA,-8.44914,43.34305
ARZÚA,-8.1623,42.9329
S. VICENTE DE VIGO,-8.3187,43.2446
FADIBÓN,-9.1578,42.9481
CEE,-9.1861,42.9536
CERCEDA,-8.4716,43.1866
RODÍS,-8.545,43.1478
Monte Xalo,-8.41414,43.20364
PARAXÓN,-8.1944,43.177
CORLAB 1,-8.420599,43.3671
LA GRELA,-8.4249,43.3542
TORRE DE HÉRCULES,-8.4092,43.3828
SAN PEDRO (AIR LIQUIDE),-8.4369,43.3774
SANTA MARGARITA,-8.41083,43.36306
CASTRILLÓN,-8.39722,43.34833
SAN DIEGO,-8.38944,43.35444
TEIXEIRO,-8.0331,43.1407
DUMBRIA,-9.1189,43.0089
FERROL,-8.243116,43.481501
A CABANA,-8.2522,43.4916
PAIOSACO,-8.555,43.2597
PENEDO,-8.24423,43.45921
XUBIA (MEGASA),-8.1502,43.5197
NOIA,-8.923472,42.720806
PRESA DE VILLAGUDÍN,-8.4964,43.0935
BUSCÁS,-8.3513,43.116
MAGDALENA (B-1),-7.8478,43.4539
FRAGA REDONDA (F-2),-7.9886,43.4054
MACIÑEIRA,-7.9181,43.4454
MARRAXÓN,-7.8398,43.4708
VILANOVA (G-2),-8.0286,43.5544
CAMPO DE FÚTBOL,-8.5068,42.9092
COMPOSTELA,-8.5591,42.876
SAN CAETANO,-8.5311,42.8878
CUENCA,-2.1297,40.0619
AGULLANA (DIPÒSITS D'AIGUA),2.842138412,42.391975687
BEGUR (CENTRE D'ESTUDIS DEL MAR),3.212854412,41.958676874
LA BISBAL D'EMPORDÀ (AJUNTAMENT),3.037425681,41.959328421
BREDA (RAVAL SALVÀ),2.5567,41.7463
BREDA (CENTRE DE DIA),2.56,41.75
CABO DE CREUS,3.315556,42.31917
CASSÀ DE LA SELVA (AJUNTAMENT),2.8742,41.8849
GIRONA (ESCOLA DE MÚSICA),2.816547298,41.976385751
PARDINES (AJUNTAMENT),2.214272866,42.312078421
Puigcerdà (Museu Cerdà),1.93039,42.43381
SANTA PAU (CAN JORDÀ),2.510206967,42.143260622
CIUDAD DEPORTIVA,-3.6193,37.1356
GRANADA - NORTE,-3.61266,37.1961
PALACIO CONGRESOS,-3.6001,37.16568
MOTRIL,-3.5173,36.74312
VÍZNAR,-3.550556,37.236944
AZUQUECA DE HENARES,-3.2646,40.571
AZUQUECA - IES,-3.2702,40.5684
CAMPISÁBALOS,-3.1425,41.27417
GUADALAJARA,-3.1716,40.6298
ANDOAIN,-2.02328,43.2213
PAGOETA,-2.155,43.25055555
AZPEITIA,-2.2682,43.1804
BEASAIN,-2.19138,43.04811
JAIZKIBEL,-1.85943,43.34289
HERNANI,-1.9777,43.2675
ARRASATE,-2.4904,43.0642
RENTERIA,-1.89944444,43.31444444
ATEGORRIETA,-1.9607,43.322
PUYO,-1.98444444,43.30277777
AVENIDA TOLOSA,-2.0109,43.3094
EASO,-1.98083,43.31217
ZUBIETA,-2.03131,43.27209
TOLOSA,-2.078,43.1308
USURBIL,-2.05051,43.27379
ZUMARRAGA,-2.31811,43.12518
LASARTE-ORIA,-2.01913,43.26874
MATALASCAÑAS,-6.57042,37.0161
DOÑANA,-6.555,37.05194
CARTAYA,-7.15018,37.30464
LA ORDEN,-6.93807,37.27964
LOS ROSALES,-6.9255,37.2602
ROMERALEJO,-6.91905,37.26725
MARISMAS DEL TITÁN,-6.94219,37.25258
POZO DULCE,-6.93514,37.25336
CAMPUS DEL CARMEN,-6.92529,37.271677
MOGUER,-6.83384,37.28156
EL ARENOSILLO,-6.7341,37.1041
MAZAGON,-6.80745,37.13379
NIEBLA,-6.6769,37.3613
LA RÁBIDA,-6.92027,37.19977
PALOS,-6.88858,37.21925
TORREARENILLA,-6.90453,37.19033
PUNTA UMBRÍA,-6.96414,37.18568
SAN JUÁN DEL PUERTO,-6.84463,37.3154
VALVERDE,-6.75555,37.57978
HUESCA,-0.40389,42.13611
MONZÓN,0.19694,41.91861
MONZÓN CENTRO,0.191101,41.91614
TORRELISA,0.1819,42.4578
UM1 SABIÑANIGO,-0.366271,42.527395
SARIÑENA ESCUELAS,-0.15611,41.79778
SARIÑENA LAVADERO,-0.15583,41.80083
BAILÉN,-3.78392,38.09293
RONDA DEL VALLE,-3.78157,37.78255
LAS FUENTEZUELAS,-3.81032,37.78444
VILLANUEVA DEL ARZOBISPO,-3.01022,38.174396
LARIO,-5.0897,43.0414
CORTIGUERA,-6.6433,42.6117
CARRACEDELO,-6.7256,42.5586
CONGOSTO,-6.5208,42.6256
CUADROS,-5.6389,42.7156
CUBILLOS DEL SIL-FESE,-6.56827,42.61797
LILLO,-6.6039,42.7814
BARRIO PINILLA,-5.5872,42.6039
LEÓN 4,-5.5664,42.5753
LEÓN-IES JUAN DEL ENCINA,-5.5708,42.599
PALACIOS DEL SIL,-6.44,42.8778
PONFERRADA 4,-6.58472222,42.54277777
PONFERRADA 6,-6.6036,42.5507
LA ROBLA,-5.6236,42.8028
TUDELA VEGUÍN,-5.64889,42.80167
CUETO,-6.6497,42.6321
VALDERAS,-5.4489,42.0797
OTERO,-6.78194444,42.56444444
TORAL DE LOS VADOS,-6.72555555,42.545
TORAL DEL LOS VADOS-B(A)P,-6.77554,42.54529
BELLVER DE CERDANYA (CEIP MARE DE DÉU DE TALLÓ),1.7768,42.3683
BELLVER DE CERDANYA (EL TALLÓ),1.7797,42.3629
JUNEDA (PLA DEL MOLÍ),0.829933196,41.544104651
LLEIDA (IRURITA - PIUS XII),0.6157,41.6158
PONTS (PONENT),1.192974755,41.906647654
MONTSEC (OAM),0.729555647,42.051340687
SORT (ESCOLA DE CAIAC),1.13,42.40538
ELS TORMS,0.734167,41.393333
ALFARO,-1.744,42.176
ARRÚBAL,-2.239,42.44
GALILEA,-2.232,42.341
LA CIGÜEÑA,-2.428,42.464
PRADEJÓN,-2.059,42.34
RIO COBO,-7.4319,43.6844
XOVE,-7.507778,43.686269
LUGO-FINGOY,-7.5509,42.9979
Cuíña,-7.5047,42.9573
LOUSEIRAS (B-2),-7.7377,43.5329
NNW,-7.4519,42.7261
SUR,-7.44944444,42.71527777
EST-OU,-7.4456,42.7172
SUR,-7.44944,42.71528
O SAVIÑAO,-7.704583,42.63472
MOURENCE (C-9),-7.6937,43.313
BURELA,-7.3789,43.6694
ESCOLA DE MÚSICA,-7.3632,43.6591
ALCALÁ DE HENARES,-3.377949,40.479328
ALCOBENDAS,-3.645253,40.540351
ALCORCÓN,-3.8337,40.3419
ALGETE,-3.5033,40.5997
ARANJUEZ,-3.5914,40.03327
ARGANDA DEL REY,-3.45883056,40.3006944
EL ATAZAR,-3.4679,40.909
COLMENAR VIEJO,-3.7739,40.6646
COLLADO VILLALBA,-4.01425,40.6339
COSLADA,-3.5424,40.4306
FUENLABRADA,-3.800946,40.281505
GETAFE (HASTA FEBRERO 2013),-3.71416666,40.32472222
GETAFE,-3.716868,40.314518
GUADALIX DE LA SIERRA,-3.702147222,40.780633333
LEGANÉS,-3.7545,40.3397
PLAZA DE ESPAÑA,-3.71222222,40.42416666
ESCUELAS AGUIRRE,-3.68222222,40.42166666
RAMÓN Y CAJAL,-3.67722222,40.45166666
ARTURO SORIA,-3.63916666,40.44
VILLAVERDE,-3.705,40.34694444
FAROLILLO,-3.73194444,40.39472222
CASA DE CAMPO,-3.74916666,40.42
BARAJAS - PUEBLO,-3.575,40.47472222
PLAZA DEL CARMEN,-3.70333333,40.41916666
MORATALAZ,-3.64527777,40.40805555
CUATRO CAMINOS-PABLO IGLESIAS,-3.70638888,40.44527777
BARRIO DEL PILAR,-3.71138888,40.47833333
PUENTE DE VALLECAS,-3.65138888,40.38805555
CENTRO CULTURAL ALFREDO KRAUSS,-3.72111111,40.49083333
JUNTA MUNICIPAL DE MORATALAZ,-3.63694444,40.39861111
MENDEZ ALVARO,-3.68666666,40.39805555
CASTELLANA,-3.69027777,40.43972222
RETIRO,-3.68555555,40.40972222
PLAZA CASTILLA-CANAL,-3.68833333,40.46583333
ENSANCHE DE VALLECAS,-3.61194444,40.37277777
URBANIZACION EMBAJADA,-3.58055555,40.4625
PLAZA ELÍPTICA,-3.7186,40.3847
SANCHINARRO,-3.66027777,40.49416666
EL PARDO,-3.77444444,40.51805555
JUAN CARLOS I,-3.60888888,40.465
TRES OLIVOS,-3.68972222,40.50055555
CENTRO INTEGRADO ARGANZUELA,-3.695,40.4025
MAJADAHONDA,-3.8689,40.4461
MÓSTOLES,-3.87677,40.3242
ORUSCO DE TAJUÑA,-3.2211,40.2876
PARLA,-3.7694,40.23356
POZUELO DE ALARCÓN,-3.8037,40.4491
PUERTO DE COTOS,-3.9612,40.8251
RIVAS-VACIAMADRID,-3.5429,40.3597
LAS ROZAS,-3.8862,40.5014
SAN MARTIN DE VALDEIGLESIAS,-4.3981,40.3677
SAN SEBASTIAN DE LOS REYES,-3.62562,40.56067
TORREJON DE ARDOZ,-3.4776,40.4495
VALDEMORO,-3.680265,40.185241
VILLA DEL PRADO,-4.2752,40.2479
VILLAREJO DE SALVANES,-3.2766,40.1672
CAMPILLOS,-4.84483,36.9623
EL ATABAL,-4.46553,36.72956
CARRANQUE,-4.4475,36.71964
CAMPANILLAS CIFA,-4.56095,36.72785
AVENIDA JUAN XXIII,-4.446,36.7073
MÁLAGA-ESTE,-4.35573,36.7261
MARBELLA ARCO,-4.863,36.511
ALCANTARILLA,-1.2321,37.9745
CARAVACA,-1.8687,38.1147
ALUMBRES,-0.914361,37.602032
LA ALJORRA,-1.0659,37.6925
MOMPEAN,-0.9762,37.6018
VALLE DE ESCOMBRERAS,-0.926543,37.5744
JUMILLA,-1.3285,38.4717
LORCA,-1.702782,37.687837
MOLINA DE SEGURA,-1.204813,38.057373
SAN BASILIO,-1.1459,37.9923
RONDA SUR,-1.1277,37.9701
ALSASUA,-2.173,42.898
FUNES,-1.81,42.307
LEITZA,-1.913,43.082
OLITE,-1.656,42.49
ITURRAMA,-1.653,42.806
PLAZA DE LA CRUZ,-1.64,42.8122
ROTXAPEA,-1.651,42.826
FELISA MUNARRIZ,-1.644,42.807
UPNA,-1.63,42.792
SANGUESA,-1.284,42.579
TUDELA,-1.628,42.074
TUDELA II,-1.601,42.06
XINZO DE LIMIA,-7.7299,42.0607
LAZA,-7.4089,42.0616
GOMEZ FRANQUEIRA,-7.8779,42.353
LLARANES,-5.8989,43.5503
LLANOPONTE,-5.9197,43.5512
MATADERO,-5.9273,43.5792
PLAZA DE LA GUITARRA,-5.9275,43.5589
SALINAS,-5.9583,43.5705
JARDÍN DE CANTOS,-5.9244,43.568
CANGAS DEL NARCEA,-6.5527,43.1788
HERMANOS FELGUEROSO,-5.6583,43.5352
ARGENTINA,-5.6989,43.5388
CONSTITUCIÓN,-5.6735,43.5299
AVENIDA DE CASTILLA,-5.6461,43.5378
MONTEVIL,-5.6707,43.5166
SANTA BÁRBARA,-5.6895,43.5229
EL LAUREDAL,-5.7093,43.5427
MERIÑÁN,-5.7057,43.3069
LA FELGUERA,-5.6897,43.3067
SAMA I,-5.6796,43.2941
NIEMBRO,-4.849722,43.43917
JARDINES DE JUAN XXIII,-5.7759,43.2561
PLAZA DE TOROS,-5.8664,43.3583
PALACIO DE DEPORTES,-5.833,43.3665
TRUBIA,-5.98566,43.34296
PURIFICACIÓN TOMÁS,-5.8728,43.3727
TRUBIA PISCINAS,-5.9697,43.3457
BLIMEA,-5.596,43.2757
LUGONES,-5.8108,43.4036
LUGONES INSTITUTO,-5.8028,43.4015
SOMIEDO,-6.1926,43.0696
CEMENTOS PORTLAND 1,-4.47,41.93277777
CEMENTOS PORTLAND 2,-4.46583333,41.94805555
GUARDO,-4.84083333,42.79527777
PALENCIA 3,-4.5383,42.0194
VILLALBA DE GUARDO,-4.8272,42.7036
RENAULT 4,-4.4944,41.9614
AGÜIMES,-15.445028,27.897639
ARINAGA,-15.3872,27.8691
OBSERVATORIO TEMISAS,-15.50793,27.8998
ARRECIFE,-13.547584,28.97699
CIUDAD DEPORTIVA-ARRECIFE,-13.555856,28.96787
POLIDEPORTIVO AFONSO-ARUCAS,-15.520924,28.111266
JINÁMAR III FASE,-15.41631,28.03512
NÉSTOR ÁLAMO,-15.40914,28.03156
MERCADO CENTRAL,-15.432823,28.133732
PARQUE LAS REHOYAS- LAS PALMAS DE GC,-15.430123,28.107452
SAN NICOLÁS,-15.4228,28.1033
LA ISLETA,-15.42905,28.15106
CENTRO DE ARTE JUAN ISMAEL,-13.852395,28.500255
PARQUE DE LA PIEDRA,-13.85369942,28.50276174
CASA PALACIO-PUERTO DEL ROSARIO,-13.86083,28.49838
TEFÍA-PUERTO DEL ROSARIO,-14.00444,28.52722
EL CHARCO-PTO DEL ROSARIO,-13.84898,28.50616
EDIFICIO POLIVALENTE-PORTÁTIL 5,-13.848,28.502
SAN AGUSTÍN,-15.54188043,27.77259736
PLAYA DEL INGLÉS,-15.5639,27.7637
CASTILLO DEL ROMERAL,-15.461157,27.801278
CAMPING TEMISAS-STA LUCÍA DE T.,-15.48833,27.89833
ITC,-15.4276,27.8155
COSTA TEGUISE,-13.51655,28.99031
LAS CALETAS-TEGUISE,-13.51403,28.98287
PEDRO LEZCANO,-15.416086,28.029852
PARQUE DE SAN JUAN-TELDE,-15.411851,28.003645
LA LOMA-TELDE,-15.414657,28.026317
LALÍN,-8.1071,42.6563
MOLLABAO,-8.6569,42.4219
AREEIRO,-8.6703,42.4047
CAMPOLONGO,-8.643995,42.425932
CAMPELO,-8.6769,42.4275
PONTEAREAS,-8.5239,42.1814
ARENAL,-8.7421,42.219
ESTACION 1 (ESTE),-8.73694,42.21028
ESTACION 2 (OESTE),-8.747,42.2029
LOPE DE VEGA,-8.7111,42.2224
EL MAILLO,-6.22388888,40.56972222
SALAMANCA 5,-5.6653,40.9792
SALAMANCA 6,-5.63972222,40.96083333
SALAMANCA-B(A)P,-5.6518,40.9615
LA HIDALGA-ARAFO,-16.39972,28.33722
SAN MIGUEL DE TAJAO,-16.471625,28.111373
GALLETAS,-16.655913,28.007738
BUZANADA,-16.653,28.0726
EL RÍO,-16.523687,28.145093
LA GRAMA-BREÑA ALTA,-17.775553,28.667712
SAN ANTONIO-BREÑA BAJA,-17.771554,28.645396
CALETILLA,-16.361928,28.376713
IGUESTE,-16.371986,28.380537
BARRANCO HONDO,-16.3581,28.393408
DEPÓSITO LA GUANCHA-CANDELARIA,-16.36833,28.38016
UNIDAD MOVIL FUENCALIENTE,-17.843,28.494
MÉDANO,-16.536049,28.047332
SAN ISIDRO,-16.559855,28.080007
GRANADILLA,-16.577577,28.112486
UNIDAD MOVIL LOS LLANOS,-17.91056,28.65667
UNIDAD MOVIL EL PASO,-17.88056,28.65278
UNIDAD MOVIL PUNTAGORDA,-17.98,28.766
BALSA DE ZAMORA-LOS REALEJOS,-16.57067,28.383096
LAS BALSAS-S.ANDRÉS Y SAUCES,-17.78255,28.8051
RESIDENCIA ESCOLAR-SS GOMERA,-17.12051,28.09905
LAS GALANAS -SS GOMERA,-17.1181,28.09012
EL CALVARIO-SS GOMERA,-17.11573,28.09148
CENTRO DE VISITANTES,-17.1126,28.0892
EL PILAR-STA CRUZ DE LA PALMA,-17.764587,28.685983
TOME CANO,-16.2623,28.4616
CASA CUNA,-16.277692,28.451022
VUELTA LOS PÁJAROS-STA CRUZ DE TF,-16.27662,28.461788
DEPÓSITO TRISTÁN-STA CRUZ DE TF,-16.278776,28.45816
PISCINA MUNICIPAL-STA CRUZ DE TF,-16.26333,28.457954
TENA ARTIGAS-STA CRUZ DE TENERIFE,-16.27675,28.455375
GARCÍA ESCÁMEZ-STA CRUZ DE TF,-16.271836,28.45666
PARQUE LA GRANJA-STA CRUZ DE TF,-16.26488,28.46301
TIO PINO-STA CRUZ DE TENERIFE,-16.270206,28.459314
PARQUE BOMBEROS-STA CRUZ DE TF,-16.26094,28.45836
LOS DRAGOS-STA CRUZ DE TF,-16.26729,28.45987
CHAMBERÍ-STA CRUZ DE TF,-16.27381,28.45027
PALMETUM,-16.25853,28.47544
BOMBEROS-PORTATIL 3,-16.2609,28.4583
AGENCIA TRIBUTARIA-PORTATIL 2,-16.2484,28.4631
ECHEDO-VALVERDE,-17.921671,27.831766
ESTACIÓN DEL MEDITERRANEO,-3.84194,43.40444
PARQUE DE CROSS,-3.84111,43.42083
CASTRO URDIALES,-3.22056,43.3825
LOS CORRALES DE BUELNA,-4.06278,43.26444
REINOSA,-4.13556,43.01194
TETUÁN,-3.79028,43.46778
SANTANDER CENTRO,-3.80861,43.46056
LOS TOJOS,-4.25306,43.15333
ZAPATÓN,-4.06417,43.34639
BARREDA,-4.04278,43.3675
ESCUELA DE MINAS,-4.06361,43.35583
CANTALEJO,-3.9221,41.2559
COCA,-4.52028,41.21472
SEGOVIA 2,-4.11055555,40.95555555
ALCALÁ DE GUADAIRA,-5.83372,37.34246
LA LIEBRE 2,-5.86911,37.35944
DOS HERMANAS,-5.91384,37.28449
COBRE LAS CRUCES,-6.03616,37.55502
ALJARAFE,-6.04246,37.34075
SIERRA NORTE,-5.66687,37.99435
TORNEO,-6.0031,37.39452
LA RANILLA,-5.95962,37.38425
SANTA CLARA,-5.95165,37.39831
PRINCIPES,-6.00558,37.37525
SAN JERÓNIMO,-5.98039,37.42986
BERMEJALES,-5.97963,37.34719
CENTRO,-5.99149,37.38808
ALMAZAN,-2.5266,41.48311
MURIEL DE LA FUENTE,-2.85694444,41.72361111
ÓLVEGA,-1.9847,41.778
SORIA,-2.4667,41.7667
ALCANAR (DEPURADORA),0.5468,40.5778
ALCANAR (LLAR DE JUBILATS),0.529982528,40.552819474
ALCANAR (EB04 - MONTECARLO),0.55352,40.57987
ALCOVER (MESTRAL),1.179916582,41.278381095
L'AMETLLA DE MAR (ESCOLA NÀUTICA),0.799176536,40.880656635
L'AMETLLA DE MAR (DEIXALLERIA),0.809795431,40.902692904
AMPOSTA (SANT DOMÈNEC - ITÀLIA),0.5817,40.7067
L'ARBOÇ (CEIP SANT JULIÀ),1.595,41.2681
LA SÉNIA (REPETIDOR),0.288445976,40.643004752
CONSTANTÍ (GAUDÍ),1.217717688,41.154923544
GANDESA (CREU ROJA),0.439711691,41.058203798
ELS GUIAMETS (CAMP DE FUTBOL),0.755100288,41.100692784
PERAFORT (PUIGDELFÍ),1.236702825,41.193587241
REUS (EL TALLAPEDRA),1.120171923,41.150778895
TARRAGONA (SANT SALVADOR),1.239703719,41.159450058
TARRAGONA (BONAVISTA),1.191975478,41.115880526
TARRAGONA (UNIVERSITAT LABORAL),1.200765062,41.103677887
TARRAGONA (DARP),1.246696221,41.122896353
TARRAGONA (PARC DE LA CIUTAT),1.241649688,41.117387934
TARRAGONA (SALUT),1.254472,41.120064
TORTOSA (CAP EL TEMPLE),0.5211,40.8058
VANDELLÒS I L'HOSPITALET DE L'INFANT (ELS DEDALTS),0.831084709,41.00821168
VANDELLÒS I L'HOSPITALET DE L'INFANT (VIVER),0.912875859,41.009505689
VANDELLÒS I L'HOSPITALET DE L'INFANT (BARRANC DEL TERME),0.831336974,40.939553197
VILA-SECA (RENFE),1.1518,41.1121
VILA-SECA (IES VILA-SECA),1.14955,41.10243
ESTANCA,-0.17806,41.05306
PUIGMORENO,-0.25389,41.10583
ALCAÑIZ CAPUCHINOS,-0.13889,41.05417
MONAGREGA,-0.29083,40.94667
MONAGREGAGRAV,-0.29083,40.94667
CASTELNOU,-0.36472,41.22528
LA CEROLLERA,-0.0575,40.8419
TERUEL,-1.10667,40.33639
ESTACIÓN DE LA SAGRA (ILLESCAS),-3.8328,40.1192
SAN PABLO DE LOS MONTES,-4.350417,39.546333
TALAVERA DE LA REINA,-4.8457,39.9586
TALAVERA DE LA REINA - PÍO XII,-4.8257,39.9638
TOLEDO2,-4.0208,39.8681
LOS YÉBENES,-3.8652,39.5769
ALBALAT DELS TARONGERS,-0.33666666,39.70527777
ALZIRA,-0.45777777,39.15
ALGAR DE PALÀNCIA,-0.35916666,39.78222222
BENIGANIM,-0.44138888,38.93472222
BUÑOL CEMEX,-0.78388888,39.42722222
BURJASSOT - FACULTATS,-0.41777777,39.50944444
CAUDETE DE LAS FUENTES,-1.28138888,39.55861111
CORTES DE PALLÁS,-0.93444444,39.26083333
QUART DE POBLET,-0.44722222,39.48111111
GANDÍA,-0.19,38.96666666
ONTINYENT,-0.69722222,38.78805555
PATERNA-CEAM,-0.46083333,39.55138888
SAGUNT PORT,-0.23472222,39.66722222
SAGUNT-NORD,-0.27888888,39.68472222
SAGUNT CEA,-0.26583333,39.63416666
TORREBAJA,-1.25388888,40.09944444
TORRENT-EL VEDAT,-0.4825,39.42528
VALÈNCIA-PISTA DE SILLA,-0.37583333,39.45611111
VALÈNCIA-VIVERS,-0.36833333,39.47805555
VALÈNCIA-POLITÈCNIC,-0.3364,39.4803
VALÈNCIA - AVD. FRANCIA,-0.34277777,39.4575
VALÈNCIA - MOLÍ DEL SOL,-0.4083,39.4811
VALÈNCIA - BULEVARD SUD,-0.39638888,39.45027777
VALENCIA-ALBUFERA,-0.31861,39.31556
VALÈNCIA-CENTRE,-0.37647,39.44833
VALÈNCIA OLIVERETA,-0.40605,39.46922
VILAMARXANT,-0.62555555,39.56472222
VILLAR DEL ARZOBISPO,-0.83194444,39.70805555
ZARRA,-1.100833,39.08278
ISCAR,-4.5321,41.36134
MEDINA DEL CAMPO,-4.90916666,41.31638888
OLMEDO,-4.68465,41.28389
RENAULT 1,-4.7325,41.6
MOTORES,-4.72888888,41.60416666
CARROCERÍAS,-4.74083333,41.61277777
ENERGYWORKS-VA 1,-4.715,41.66638888
ENERGYWORKS-VA 2,-4.74111111,41.68333333
ARCO DE LADRILLO II,-4.7303,41.6456
VEGA SICILIA,-4.7467,41.6206
PUENTE REGUERAL,-4.7339,41.6561
LA RUBIA II,-4.74055555,41.63
VALLADOLID SUR,-4.7722,41.6142
ABANTO,-3.07414,43.32052
LAS CARRERAS,-3.0974,43.31962
ZELAIETA,-2.73453,43.21901
ARRIGORRIAGA,-2.88618,43.20964
BARAKALDO,-2.9871,43.2984
CASTREJANA,-2.97344,43.25811
BASAURI,-2.8837,43.2411
PARQUE EUROPA,-2.9023,43.2549
DIRECCIÓN DE SALUD,-2.94565,43.25883
MAZARREDO,-2.9352,43.2675
ARRAIZ,-2.96048,43.24558
DURANGO,-2.63794,43.16832
GETXO,-3.01333333,43.35416666
ALGORTA,-3.0228,43.3621
LEMONA,-2.77861111,43.21111111
URKIOLA,-2.65088,43.10049
MUNDAKA,-2.70318,43.40592
MUSKIZ,-3.11272,43.32074
SAN JULIAN,-3.11298,43.33275
NAUTICA,-3.02222222,43.32277777
SERANTES,-3.06297,43.33446
SANTURCE,-3.04256,43.33306
SESTAO,-2.99596,43.30776
ZALLA,-3.1344,43.21291
ERANDIO,-2.97724,43.30268
ESCUELAS PÚBLICAS,-2.97361111,43.30833333
SANGRONIZ,-2.93038,43.29846
ZIERBANA,-3.08099,43.35307
PEÑAUSENDE,-5.897417,41.23889
ZAMORA 2,-5.74638888,41.50972222
ALAGÓN,-1.1433,41.7628
BUJARALOZ,-0.1519,41.5056
CALATAYUD,-1.65257,41.35457
CASPE,-0.03139,41.22889
ESCATRÓN,-0.326888,41.286926
NUCLEAR,-0.21888888,41.27972222
SÁSTAGO,-0.36333333,41.32111111
EL PICARRAL,-0.87111,41.67028
ROGER DE FLOR,-0.9161,41.6514
JAIME FERRÁN,-0.86417,41.67417
RENOVALES,-0.89361,41.63528
LAS FUENTES,-0.86194,41.64222
CENTRO,-0.88389,41.64833
AVENIDA SORIA,-0.9068,41.65917
ACTUR,-0.8869,41.6752
PIGNATELLI,-0.890645,41.6541
PUERTO ESPAÑA,-5.3147,35.893
SSOO,-2.94083,35.27306
ETAP,-2.9569,35.3097
